--
-- PostgreSQL database dump
--

-- Dumped from database version 17.5 (Debian 17.5-1)
-- Dumped by pg_dump version 17.5 (Debian 17.5-1)

SET statement_timeout = 0;
SET lock_timeout = 0;
SET idle_in_transaction_session_timeout = 0;
SET transaction_timeout = 0;
SET client_encoding = 'UTF8';
SET standard_conforming_strings = on;
SELECT pg_catalog.set_config('search_path', '', false);
SET check_function_bodies = false;
SET xmloption = content;
SET client_min_messages = warning;
SET row_security = off;

--
-- Name: public; Type: SCHEMA; Schema: -; Owner: educonnect_user
--

-- *not* creating schema, since initdb creates it


ALTER SCHEMA public OWNER TO educonnect_user;

SET default_tablespace = '';

SET default_table_access_method = heap;

--
-- Name: accounts_user; Type: TABLE; Schema: public; Owner: educonnect_user
--

CREATE TABLE public.accounts_user (
    id bigint NOT NULL,
    password character varying(128) NOT NULL,
    last_login timestamp with time zone,
    is_superuser boolean NOT NULL,
    username character varying(150) NOT NULL,
    first_name character varying(150) NOT NULL,
    last_name character varying(150) NOT NULL,
    email character varying(254) NOT NULL,
    is_staff boolean NOT NULL,
    is_active boolean NOT NULL,
    date_joined timestamp with time zone NOT NULL,
    role character varying(20) NOT NULL,
    mobile character varying(15) NOT NULL
);


ALTER TABLE public.accounts_user OWNER TO educonnect_user;

--
-- Name: accounts_user_groups; Type: TABLE; Schema: public; Owner: educonnect_user
--

CREATE TABLE public.accounts_user_groups (
    id bigint NOT NULL,
    user_id bigint NOT NULL,
    group_id integer NOT NULL
);


ALTER TABLE public.accounts_user_groups OWNER TO educonnect_user;

--
-- Name: accounts_user_groups_id_seq; Type: SEQUENCE; Schema: public; Owner: educonnect_user
--

ALTER TABLE public.accounts_user_groups ALTER COLUMN id ADD GENERATED BY DEFAULT AS IDENTITY (
    SEQUENCE NAME public.accounts_user_groups_id_seq
    START WITH 1
    INCREMENT BY 1
    NO MINVALUE
    NO MAXVALUE
    CACHE 1
);


--
-- Name: accounts_user_id_seq; Type: SEQUENCE; Schema: public; Owner: educonnect_user
--

ALTER TABLE public.accounts_user ALTER COLUMN id ADD GENERATED BY DEFAULT AS IDENTITY (
    SEQUENCE NAME public.accounts_user_id_seq
    START WITH 1
    INCREMENT BY 1
    NO MINVALUE
    NO MAXVALUE
    CACHE 1
);


--
-- Name: accounts_user_user_permissions; Type: TABLE; Schema: public; Owner: educonnect_user
--

CREATE TABLE public.accounts_user_user_permissions (
    id bigint NOT NULL,
    user_id bigint NOT NULL,
    permission_id integer NOT NULL
);


ALTER TABLE public.accounts_user_user_permissions OWNER TO educonnect_user;

--
-- Name: accounts_user_user_permissions_id_seq; Type: SEQUENCE; Schema: public; Owner: educonnect_user
--

ALTER TABLE public.accounts_user_user_permissions ALTER COLUMN id ADD GENERATED BY DEFAULT AS IDENTITY (
    SEQUENCE NAME public.accounts_user_user_permissions_id_seq
    START WITH 1
    INCREMENT BY 1
    NO MINVALUE
    NO MAXVALUE
    CACHE 1
);


--
-- Name: auth_group; Type: TABLE; Schema: public; Owner: educonnect_user
--

CREATE TABLE public.auth_group (
    id integer NOT NULL,
    name character varying(150) NOT NULL
);


ALTER TABLE public.auth_group OWNER TO educonnect_user;

--
-- Name: auth_group_id_seq; Type: SEQUENCE; Schema: public; Owner: educonnect_user
--

ALTER TABLE public.auth_group ALTER COLUMN id ADD GENERATED BY DEFAULT AS IDENTITY (
    SEQUENCE NAME public.auth_group_id_seq
    START WITH 1
    INCREMENT BY 1
    NO MINVALUE
    NO MAXVALUE
    CACHE 1
);


--
-- Name: auth_group_permissions; Type: TABLE; Schema: public; Owner: educonnect_user
--

CREATE TABLE public.auth_group_permissions (
    id bigint NOT NULL,
    group_id integer NOT NULL,
    permission_id integer NOT NULL
);


ALTER TABLE public.auth_group_permissions OWNER TO educonnect_user;

--
-- Name: auth_group_permissions_id_seq; Type: SEQUENCE; Schema: public; Owner: educonnect_user
--

ALTER TABLE public.auth_group_permissions ALTER COLUMN id ADD GENERATED BY DEFAULT AS IDENTITY (
    SEQUENCE NAME public.auth_group_permissions_id_seq
    START WITH 1
    INCREMENT BY 1
    NO MINVALUE
    NO MAXVALUE
    CACHE 1
);


--
-- Name: auth_permission; Type: TABLE; Schema: public; Owner: educonnect_user
--

CREATE TABLE public.auth_permission (
    id integer NOT NULL,
    name character varying(255) NOT NULL,
    content_type_id integer NOT NULL,
    codename character varying(100) NOT NULL
);


ALTER TABLE public.auth_permission OWNER TO educonnect_user;

--
-- Name: auth_permission_id_seq; Type: SEQUENCE; Schema: public; Owner: educonnect_user
--

ALTER TABLE public.auth_permission ALTER COLUMN id ADD GENERATED BY DEFAULT AS IDENTITY (
    SEQUENCE NAME public.auth_permission_id_seq
    START WITH 1
    INCREMENT BY 1
    NO MINVALUE
    NO MAXVALUE
    CACHE 1
);


--
-- Name: django_admin_log; Type: TABLE; Schema: public; Owner: educonnect_user
--

CREATE TABLE public.django_admin_log (
    id integer NOT NULL,
    action_time timestamp with time zone NOT NULL,
    object_id text,
    object_repr character varying(200) NOT NULL,
    action_flag smallint NOT NULL,
    change_message text NOT NULL,
    content_type_id integer,
    user_id bigint NOT NULL,
    CONSTRAINT django_admin_log_action_flag_check CHECK ((action_flag >= 0))
);


ALTER TABLE public.django_admin_log OWNER TO educonnect_user;

--
-- Name: django_admin_log_id_seq; Type: SEQUENCE; Schema: public; Owner: educonnect_user
--

ALTER TABLE public.django_admin_log ALTER COLUMN id ADD GENERATED BY DEFAULT AS IDENTITY (
    SEQUENCE NAME public.django_admin_log_id_seq
    START WITH 1
    INCREMENT BY 1
    NO MINVALUE
    NO MAXVALUE
    CACHE 1
);


--
-- Name: django_content_type; Type: TABLE; Schema: public; Owner: educonnect_user
--

CREATE TABLE public.django_content_type (
    id integer NOT NULL,
    app_label character varying(100) NOT NULL,
    model character varying(100) NOT NULL
);


ALTER TABLE public.django_content_type OWNER TO educonnect_user;

--
-- Name: django_content_type_id_seq; Type: SEQUENCE; Schema: public; Owner: educonnect_user
--

ALTER TABLE public.django_content_type ALTER COLUMN id ADD GENERATED BY DEFAULT AS IDENTITY (
    SEQUENCE NAME public.django_content_type_id_seq
    START WITH 1
    INCREMENT BY 1
    NO MINVALUE
    NO MAXVALUE
    CACHE 1
);


--
-- Name: django_migrations; Type: TABLE; Schema: public; Owner: educonnect_user
--

CREATE TABLE public.django_migrations (
    id bigint NOT NULL,
    app character varying(255) NOT NULL,
    name character varying(255) NOT NULL,
    applied timestamp with time zone NOT NULL
);


ALTER TABLE public.django_migrations OWNER TO educonnect_user;

--
-- Name: django_migrations_id_seq; Type: SEQUENCE; Schema: public; Owner: educonnect_user
--

ALTER TABLE public.django_migrations ALTER COLUMN id ADD GENERATED BY DEFAULT AS IDENTITY (
    SEQUENCE NAME public.django_migrations_id_seq
    START WITH 1
    INCREMENT BY 1
    NO MINVALUE
    NO MAXVALUE
    CACHE 1
);


--
-- Name: django_session; Type: TABLE; Schema: public; Owner: educonnect_user
--

CREATE TABLE public.django_session (
    session_key character varying(40) NOT NULL,
    session_data text NOT NULL,
    expire_date timestamp with time zone NOT NULL
);


ALTER TABLE public.django_session OWNER TO educonnect_user;

--
-- Data for Name: accounts_user; Type: TABLE DATA; Schema: public; Owner: educonnect_user
--

COPY public.accounts_user (id, password, last_login, is_superuser, username, first_name, last_name, email, is_staff, is_active, date_joined, role, mobile) FROM stdin;
1	pbkdf2_sha256$1200000$ZmCAa5nUY0VxofZuiD3NEj$rebFX2aBHiubhMP1eDFkVY6/ZV3KqC+1wOQQNjQXZfg=	2026-02-05 09:37:00.545333+00	t	EvisionEduconnect			pramishkumar555@gmail.com	t	t	2026-02-05 09:18:09.684023+00		
4	pbkdf2_sha256$1200000$B03OKFvYpCZfKZl0IYJGIv$LdkjRYJuxb53IXyJuQZCnYACTx+u1oZOcdEBZQ6gqAk=	2026-02-05 14:20:53.354838+00	f	parent1@gmailcom	parent1@gmail.com		parent1@gmailcom	f	t	2026-02-05 14:20:52.761061+00	PARENT	1234567890
5	pbkdf2_sha256$600000$h4XwwXosTCgT8MpO1rRtl3$bWsZF8OmciDLluEc2zUyRjybpFBzoHX5gSCM2xxL8Vc=	\N	t	Admin			admin@gmail.com	t	t	2026-02-05 14:30:05.377453+00		
2	pbkdf2_sha256$1200000$hyDY2378y3HqjnF6V3C9CC$vHlXl6O3rhp4RVh+Cz19SvrXtCcMG/e3BkhiNbwqzHA=	2026-02-23 16:33:24.085833+00	f	student1@gmail.com	Student1		student1@gmail.com	f	t	2026-02-05 09:32:13.405742+00	STUDENT	1234567890
8	pbkdf2_sha256$1200000$f6WV2ua8GhguMNXofowDBz$G6oAGB6oVkg4CDY+0pKrPoICWYxuwLDbx5IGOLCahr4=	2026-02-11 13:27:36.920161+00	f	nakul			nakul@gmail.com	f	t	2026-02-11 13:27:35.927218+00	PARENT	6942222554
7	pbkdf2_sha256$1200000$xA7BPAWzFdBycrs4MHgwbD$1ZeOHya28lph5UZLRYSAPpJtX6c1Zg4ofB/Is9iqUJ4=	2026-02-23 16:33:48.431222+00	f	parent1@gmail.com			parent1@gmail.com	f	t	2026-02-05 14:57:02.025654+00	PARENT	1234567890
3	pbkdf2_sha256$1200000$Qc4014xUrDkqsBWr0wGNp3$vRor2rqQaG2iLtU+afTBxhZjH9cwLZxnSn4winMwLoQ=	2026-02-23 16:36:16.859486+00	f	faculty1@gmail.com	faculty1@gmail.com		faculty1@gmail.com	f	t	2026-02-05 14:10:59.24643+00	FACULTY	1234567890
6	pbkdf2_sha256$1200000$y79r2gb4bayIJRFyY4mmLA$ALf5Hj5BzodFu3RsnnYaNN77GvZjHz3SiSXVc2X4uGQ=	2026-02-23 16:36:40.08231+00	t	admin@gmail.com			admin@gmail.com	t	t	2026-02-05 14:37:46.608159+00		
\.


--
-- Data for Name: accounts_user_groups; Type: TABLE DATA; Schema: public; Owner: educonnect_user
--

COPY public.accounts_user_groups (id, user_id, group_id) FROM stdin;
\.


--
-- Data for Name: accounts_user_user_permissions; Type: TABLE DATA; Schema: public; Owner: educonnect_user
--

COPY public.accounts_user_user_permissions (id, user_id, permission_id) FROM stdin;
\.


--
-- Data for Name: auth_group; Type: TABLE DATA; Schema: public; Owner: educonnect_user
--

COPY public.auth_group (id, name) FROM stdin;
\.


--
-- Data for Name: auth_group_permissions; Type: TABLE DATA; Schema: public; Owner: educonnect_user
--

COPY public.auth_group_permissions (id, group_id, permission_id) FROM stdin;
\.


--
-- Data for Name: auth_permission; Type: TABLE DATA; Schema: public; Owner: educonnect_user
--

COPY public.auth_permission (id, name, content_type_id, codename) FROM stdin;
1	Can add log entry	1	add_logentry
2	Can change log entry	1	change_logentry
3	Can delete log entry	1	delete_logentry
4	Can view log entry	1	view_logentry
5	Can add permission	3	add_permission
6	Can change permission	3	change_permission
7	Can delete permission	3	delete_permission
8	Can view permission	3	view_permission
9	Can add group	2	add_group
10	Can change group	2	change_group
11	Can delete group	2	delete_group
12	Can view group	2	view_group
13	Can add content type	4	add_contenttype
14	Can change content type	4	change_contenttype
15	Can delete content type	4	delete_contenttype
16	Can view content type	4	view_contenttype
17	Can add session	5	add_session
18	Can change session	5	change_session
19	Can delete session	5	delete_session
20	Can view session	5	view_session
21	Can add user	6	add_user
22	Can change user	6	change_user
23	Can delete user	6	delete_user
24	Can view user	6	view_user
\.


--
-- Data for Name: django_admin_log; Type: TABLE DATA; Schema: public; Owner: educonnect_user
--

COPY public.django_admin_log (id, action_time, object_id, object_repr, action_flag, change_message, content_type_id, user_id) FROM stdin;
\.


--
-- Data for Name: django_content_type; Type: TABLE DATA; Schema: public; Owner: educonnect_user
--

COPY public.django_content_type (id, app_label, model) FROM stdin;
1	admin	logentry
2	auth	group
3	auth	permission
4	contenttypes	contenttype
5	sessions	session
6	accounts	user
\.


--
-- Data for Name: django_migrations; Type: TABLE DATA; Schema: public; Owner: educonnect_user
--

COPY public.django_migrations (id, app, name, applied) FROM stdin;
1	contenttypes	0001_initial	2026-02-05 09:16:27.230113+00
2	contenttypes	0002_remove_content_type_name	2026-02-05 09:16:27.250197+00
3	auth	0001_initial	2026-02-05 09:16:27.274914+00
4	auth	0002_alter_permission_name_max_length	2026-02-05 09:16:27.279366+00
5	auth	0003_alter_user_email_max_length	2026-02-05 09:16:27.283511+00
6	auth	0004_alter_user_username_opts	2026-02-05 09:16:27.287831+00
7	auth	0005_alter_user_last_login_null	2026-02-05 09:16:27.292521+00
8	auth	0006_require_contenttypes_0002	2026-02-05 09:16:27.29436+00
9	auth	0007_alter_validators_add_error_messages	2026-02-05 09:16:27.298629+00
10	auth	0008_alter_user_username_max_length	2026-02-05 09:16:27.309795+00
11	auth	0009_alter_user_last_name_max_length	2026-02-05 09:16:27.320581+00
12	auth	0010_alter_group_name_max_length	2026-02-05 09:16:27.328022+00
13	auth	0011_update_proxy_permissions	2026-02-05 09:16:27.334445+00
14	auth	0012_alter_user_first_name_max_length	2026-02-05 09:16:27.340061+00
15	accounts	0001_initial	2026-02-05 09:16:27.362614+00
16	admin	0001_initial	2026-02-05 09:16:27.37618+00
17	admin	0002_logentry_remove_auto_add	2026-02-05 09:16:27.382585+00
18	admin	0003_logentry_add_action_flag_choices	2026-02-05 09:16:27.388828+00
19	sessions	0001_initial	2026-02-05 09:16:27.394318+00
\.


--
-- Data for Name: django_session; Type: TABLE DATA; Schema: public; Owner: educonnect_user
--

COPY public.django_session (session_key, session_data, expire_date) FROM stdin;
16fra7y1iiszhwfldkl4q4sq6rroopod	.eJxVjDsOwjAQBe_iGln-ZP2hpOcM1q69wQHkSHFSIe4OkVJA-2bmvUTCba1p67ykqYizMOL0uxHmB7cdlDu22yzz3NZlIrkr8qBdXufCz8vh_h1U7PVbs8I4KEYF2bAmVBxID9ZBJI08ZqJclPUORvA-WLAQDIUcgjYcnSni_QHxbzfM:1vsxeV:gAN6q_fnPKAAnJg0SUgzSVObmKmR-Grp0SQX8AVHTPw	2026-03-05 06:36:43.758761+00
3h16enr0pkka6w45fldimw874wg4dhn8	.eJxVjEEOwiAQRe_C2pBSCkNduvcMZJgZpGpoUtqV8e7apAvd_vfef6mI21ri1mSJE6uzAnX63RLSQ-oO-I71Nmua67pMSe-KPmjT15nleTncv4OCrXxrIU7ZQ287sQmNYxBnZPR-gJADdRm892CScVZMj2Z0lsniEIApZRb1_gDvoThB:1vproP:clq0YlxsY6LwZ6cd4I1V0OoBTsYriozrbr9X0ckMOZQ	2026-02-24 17:46:09.560783+00
59icue22nnlhgp8qwvjyu9gojlgpmd0u	.eJxVjDsOwjAQBe_iGlmOd_2jpOcM1vqHA8iW4qRC3B0ipYD2zcx7MU_bWv028uLnxM5MstPvFig-cttBulO7dR57W5c58F3hBx382lN-Xg7376DSqN8anTQWjXNOoQWrUVsVJQVwIkcAMIHsBBM6KhoVaJ0tSMgiqgKAorD3B5ShNhE:1vt893:jTMrr19Zf35AC246oHOO6lfnZP7AEHvx7rqn-tDZRl8	2026-03-05 17:48:57.564702+00
v8po7o7taymlsqo3cj2q1nna4gijpswk	.eJxVjMsOwiAQRf-FtSE8hil16d5vIMAMUjU0Ke3K-O_apAvd3nPOfYkQt7WGrfMSJhJngeL0u6WYH9x2QPfYbrPMc1uXKcldkQft8joTPy-H-3dQY6_fWnkglzgbJjcob1GjQRhdYWM1o2Y9qJIzl1FjhKIQC1kL7BnAk2fx_gDW3Te5:1vuYvI:uJGrt3rg5yLm2mHa9bfhNM6fWKknaIWDybyGVznfP1o	2026-03-09 16:36:40.086621+00
mipp6b0v10t0r94ycliwhc810xpand8h	.eJxVjDsOwjAQBe_iGln-ZP2hpOcM1q69wQHkSHFSIe4OkVJA-2bmvUTCba1p67ykqYizMOL0uxHmB7cdlDu22yzz3NZlIrkr8qBdXufCz8vh_h1U7PVbs8I4KEYF2bAmVBxID9ZBJI08ZqJclPUORvA-WLAQDIUcgjYcnSni_QHxbzfM:1vsiA6:I_vEEWpG53IqbwTTlUzu_vx6ywigegHRvjncVYqKE54	2026-03-04 14:04:18.142366+00
duku6xq5wiv5ljt6ahidvr6by8sptzxr	.eJxVTEsOwiAQvQtrQyhf69K9ZyAzzCBVQ5PSrox3lyZd6Or931tE2NYSt8ZLnEhcRBCnXw8hPbnuAT2g3meZ5rouE8q9Io-0ydtM_Loe3b-DAq30NTj2xmHWyvLo2KSg0DCEjB2cPRvvLWRvUxcYOqFBG63HFIZMypP4fAHx-jgI:1vuEBS:DSGlsfAKfekN4yikK79H7ZaXn0E08YyN4Y_p2vGSKN0	2026-03-08 18:27:58.93483+00
xm0fveoszyuq83so4bof3lto9ortt3yp	.eJxVjMsOwiAQRf-FtSEwHR516b7fQIAZpWogKe3K-O_apAvd3nPOfYkQt7WErfMSZhJnAeL0u6WYH1x3QPdYb03mVtdlTnJX5EG7nBrx83K4fwcl9vKtEZitR84jW0OKADI6ZQwqJucgmaS8jUkhR4-DppGvdlDGadAOLCbx_gDVhjcM:1vuSGB:yaWE3IN9yj5Tiv1hQrYnASs1ZHFkZ57xvnOARttFeNk	2026-03-09 09:29:47.902118+00
\.


--
-- Name: accounts_user_groups_id_seq; Type: SEQUENCE SET; Schema: public; Owner: educonnect_user
--

SELECT pg_catalog.setval('public.accounts_user_groups_id_seq', 1, false);


--
-- Name: accounts_user_id_seq; Type: SEQUENCE SET; Schema: public; Owner: educonnect_user
--

SELECT pg_catalog.setval('public.accounts_user_id_seq', 8, true);


--
-- Name: accounts_user_user_permissions_id_seq; Type: SEQUENCE SET; Schema: public; Owner: educonnect_user
--

SELECT pg_catalog.setval('public.accounts_user_user_permissions_id_seq', 1, false);


--
-- Name: auth_group_id_seq; Type: SEQUENCE SET; Schema: public; Owner: educonnect_user
--

SELECT pg_catalog.setval('public.auth_group_id_seq', 1, false);


--
-- Name: auth_group_permissions_id_seq; Type: SEQUENCE SET; Schema: public; Owner: educonnect_user
--

SELECT pg_catalog.setval('public.auth_group_permissions_id_seq', 1, false);


--
-- Name: auth_permission_id_seq; Type: SEQUENCE SET; Schema: public; Owner: educonnect_user
--

SELECT pg_catalog.setval('public.auth_permission_id_seq', 24, true);


--
-- Name: django_admin_log_id_seq; Type: SEQUENCE SET; Schema: public; Owner: educonnect_user
--

SELECT pg_catalog.setval('public.django_admin_log_id_seq', 1, false);


--
-- Name: django_content_type_id_seq; Type: SEQUENCE SET; Schema: public; Owner: educonnect_user
--

SELECT pg_catalog.setval('public.django_content_type_id_seq', 6, true);


--
-- Name: django_migrations_id_seq; Type: SEQUENCE SET; Schema: public; Owner: educonnect_user
--

SELECT pg_catalog.setval('public.django_migrations_id_seq', 19, true);


--
-- Name: accounts_user_groups accounts_user_groups_pkey; Type: CONSTRAINT; Schema: public; Owner: educonnect_user
--

ALTER TABLE ONLY public.accounts_user_groups
    ADD CONSTRAINT accounts_user_groups_pkey PRIMARY KEY (id);


--
-- Name: accounts_user_groups accounts_user_groups_user_id_group_id_59c0b32f_uniq; Type: CONSTRAINT; Schema: public; Owner: educonnect_user
--

ALTER TABLE ONLY public.accounts_user_groups
    ADD CONSTRAINT accounts_user_groups_user_id_group_id_59c0b32f_uniq UNIQUE (user_id, group_id);


--
-- Name: accounts_user accounts_user_pkey; Type: CONSTRAINT; Schema: public; Owner: educonnect_user
--

ALTER TABLE ONLY public.accounts_user
    ADD CONSTRAINT accounts_user_pkey PRIMARY KEY (id);


--
-- Name: accounts_user_user_permissions accounts_user_user_permi_user_id_permission_id_2ab516c2_uniq; Type: CONSTRAINT; Schema: public; Owner: educonnect_user
--

ALTER TABLE ONLY public.accounts_user_user_permissions
    ADD CONSTRAINT accounts_user_user_permi_user_id_permission_id_2ab516c2_uniq UNIQUE (user_id, permission_id);


--
-- Name: accounts_user_user_permissions accounts_user_user_permissions_pkey; Type: CONSTRAINT; Schema: public; Owner: educonnect_user
--

ALTER TABLE ONLY public.accounts_user_user_permissions
    ADD CONSTRAINT accounts_user_user_permissions_pkey PRIMARY KEY (id);


--
-- Name: accounts_user accounts_user_username_key; Type: CONSTRAINT; Schema: public; Owner: educonnect_user
--

ALTER TABLE ONLY public.accounts_user
    ADD CONSTRAINT accounts_user_username_key UNIQUE (username);


--
-- Name: auth_group auth_group_name_key; Type: CONSTRAINT; Schema: public; Owner: educonnect_user
--

ALTER TABLE ONLY public.auth_group
    ADD CONSTRAINT auth_group_name_key UNIQUE (name);


--
-- Name: auth_group_permissions auth_group_permissions_group_id_permission_id_0cd325b0_uniq; Type: CONSTRAINT; Schema: public; Owner: educonnect_user
--

ALTER TABLE ONLY public.auth_group_permissions
    ADD CONSTRAINT auth_group_permissions_group_id_permission_id_0cd325b0_uniq UNIQUE (group_id, permission_id);


--
-- Name: auth_group_permissions auth_group_permissions_pkey; Type: CONSTRAINT; Schema: public; Owner: educonnect_user
--

ALTER TABLE ONLY public.auth_group_permissions
    ADD CONSTRAINT auth_group_permissions_pkey PRIMARY KEY (id);


--
-- Name: auth_group auth_group_pkey; Type: CONSTRAINT; Schema: public; Owner: educonnect_user
--

ALTER TABLE ONLY public.auth_group
    ADD CONSTRAINT auth_group_pkey PRIMARY KEY (id);


--
-- Name: auth_permission auth_permission_content_type_id_codename_01ab375a_uniq; Type: CONSTRAINT; Schema: public; Owner: educonnect_user
--

ALTER TABLE ONLY public.auth_permission
    ADD CONSTRAINT auth_permission_content_type_id_codename_01ab375a_uniq UNIQUE (content_type_id, codename);


--
-- Name: auth_permission auth_permission_pkey; Type: CONSTRAINT; Schema: public; Owner: educonnect_user
--

ALTER TABLE ONLY public.auth_permission
    ADD CONSTRAINT auth_permission_pkey PRIMARY KEY (id);


--
-- Name: django_admin_log django_admin_log_pkey; Type: CONSTRAINT; Schema: public; Owner: educonnect_user
--

ALTER TABLE ONLY public.django_admin_log
    ADD CONSTRAINT django_admin_log_pkey PRIMARY KEY (id);


--
-- Name: django_content_type django_content_type_app_label_model_76bd3d3b_uniq; Type: CONSTRAINT; Schema: public; Owner: educonnect_user
--

ALTER TABLE ONLY public.django_content_type
    ADD CONSTRAINT django_content_type_app_label_model_76bd3d3b_uniq UNIQUE (app_label, model);


--
-- Name: django_content_type django_content_type_pkey; Type: CONSTRAINT; Schema: public; Owner: educonnect_user
--

ALTER TABLE ONLY public.django_content_type
    ADD CONSTRAINT django_content_type_pkey PRIMARY KEY (id);


--
-- Name: django_migrations django_migrations_pkey; Type: CONSTRAINT; Schema: public; Owner: educonnect_user
--

ALTER TABLE ONLY public.django_migrations
    ADD CONSTRAINT django_migrations_pkey PRIMARY KEY (id);


--
-- Name: django_session django_session_pkey; Type: CONSTRAINT; Schema: public; Owner: educonnect_user
--

ALTER TABLE ONLY public.django_session
    ADD CONSTRAINT django_session_pkey PRIMARY KEY (session_key);


--
-- Name: accounts_user_groups_group_id_bd11a704; Type: INDEX; Schema: public; Owner: educonnect_user
--

CREATE INDEX accounts_user_groups_group_id_bd11a704 ON public.accounts_user_groups USING btree (group_id);


--
-- Name: accounts_user_groups_user_id_52b62117; Type: INDEX; Schema: public; Owner: educonnect_user
--

CREATE INDEX accounts_user_groups_user_id_52b62117 ON public.accounts_user_groups USING btree (user_id);


--
-- Name: accounts_user_user_permissions_permission_id_113bb443; Type: INDEX; Schema: public; Owner: educonnect_user
--

CREATE INDEX accounts_user_user_permissions_permission_id_113bb443 ON public.accounts_user_user_permissions USING btree (permission_id);


--
-- Name: accounts_user_user_permissions_user_id_e4f0a161; Type: INDEX; Schema: public; Owner: educonnect_user
--

CREATE INDEX accounts_user_user_permissions_user_id_e4f0a161 ON public.accounts_user_user_permissions USING btree (user_id);


--
-- Name: accounts_user_username_6088629e_like; Type: INDEX; Schema: public; Owner: educonnect_user
--

CREATE INDEX accounts_user_username_6088629e_like ON public.accounts_user USING btree (username varchar_pattern_ops);


--
-- Name: auth_group_name_a6ea08ec_like; Type: INDEX; Schema: public; Owner: educonnect_user
--

CREATE INDEX auth_group_name_a6ea08ec_like ON public.auth_group USING btree (name varchar_pattern_ops);


--
-- Name: auth_group_permissions_group_id_b120cbf9; Type: INDEX; Schema: public; Owner: educonnect_user
--

CREATE INDEX auth_group_permissions_group_id_b120cbf9 ON public.auth_group_permissions USING btree (group_id);


--
-- Name: auth_group_permissions_permission_id_84c5c92e; Type: INDEX; Schema: public; Owner: educonnect_user
--

CREATE INDEX auth_group_permissions_permission_id_84c5c92e ON public.auth_group_permissions USING btree (permission_id);


--
-- Name: auth_permission_content_type_id_2f476e4b; Type: INDEX; Schema: public; Owner: educonnect_user
--

CREATE INDEX auth_permission_content_type_id_2f476e4b ON public.auth_permission USING btree (content_type_id);


--
-- Name: django_admin_log_content_type_id_c4bce8eb; Type: INDEX; Schema: public; Owner: educonnect_user
--

CREATE INDEX django_admin_log_content_type_id_c4bce8eb ON public.django_admin_log USING btree (content_type_id);


--
-- Name: django_admin_log_user_id_c564eba6; Type: INDEX; Schema: public; Owner: educonnect_user
--

CREATE INDEX django_admin_log_user_id_c564eba6 ON public.django_admin_log USING btree (user_id);


--
-- Name: django_session_expire_date_a5c62663; Type: INDEX; Schema: public; Owner: educonnect_user
--

CREATE INDEX django_session_expire_date_a5c62663 ON public.django_session USING btree (expire_date);


--
-- Name: django_session_session_key_c0390e0f_like; Type: INDEX; Schema: public; Owner: educonnect_user
--

CREATE INDEX django_session_session_key_c0390e0f_like ON public.django_session USING btree (session_key varchar_pattern_ops);


--
-- Name: accounts_user_groups accounts_user_groups_group_id_bd11a704_fk_auth_group_id; Type: FK CONSTRAINT; Schema: public; Owner: educonnect_user
--

ALTER TABLE ONLY public.accounts_user_groups
    ADD CONSTRAINT accounts_user_groups_group_id_bd11a704_fk_auth_group_id FOREIGN KEY (group_id) REFERENCES public.auth_group(id) DEFERRABLE INITIALLY DEFERRED;


--
-- Name: accounts_user_groups accounts_user_groups_user_id_52b62117_fk_accounts_user_id; Type: FK CONSTRAINT; Schema: public; Owner: educonnect_user
--

ALTER TABLE ONLY public.accounts_user_groups
    ADD CONSTRAINT accounts_user_groups_user_id_52b62117_fk_accounts_user_id FOREIGN KEY (user_id) REFERENCES public.accounts_user(id) DEFERRABLE INITIALLY DEFERRED;


--
-- Name: accounts_user_user_permissions accounts_user_user_p_permission_id_113bb443_fk_auth_perm; Type: FK CONSTRAINT; Schema: public; Owner: educonnect_user
--

ALTER TABLE ONLY public.accounts_user_user_permissions
    ADD CONSTRAINT accounts_user_user_p_permission_id_113bb443_fk_auth_perm FOREIGN KEY (permission_id) REFERENCES public.auth_permission(id) DEFERRABLE INITIALLY DEFERRED;


--
-- Name: accounts_user_user_permissions accounts_user_user_p_user_id_e4f0a161_fk_accounts_; Type: FK CONSTRAINT; Schema: public; Owner: educonnect_user
--

ALTER TABLE ONLY public.accounts_user_user_permissions
    ADD CONSTRAINT accounts_user_user_p_user_id_e4f0a161_fk_accounts_ FOREIGN KEY (user_id) REFERENCES public.accounts_user(id) DEFERRABLE INITIALLY DEFERRED;


--
-- Name: auth_group_permissions auth_group_permissio_permission_id_84c5c92e_fk_auth_perm; Type: FK CONSTRAINT; Schema: public; Owner: educonnect_user
--

ALTER TABLE ONLY public.auth_group_permissions
    ADD CONSTRAINT auth_group_permissio_permission_id_84c5c92e_fk_auth_perm FOREIGN KEY (permission_id) REFERENCES public.auth_permission(id) DEFERRABLE INITIALLY DEFERRED;


--
-- Name: auth_group_permissions auth_group_permissions_group_id_b120cbf9_fk_auth_group_id; Type: FK CONSTRAINT; Schema: public; Owner: educonnect_user
--

ALTER TABLE ONLY public.auth_group_permissions
    ADD CONSTRAINT auth_group_permissions_group_id_b120cbf9_fk_auth_group_id FOREIGN KEY (group_id) REFERENCES public.auth_group(id) DEFERRABLE INITIALLY DEFERRED;


--
-- Name: auth_permission auth_permission_content_type_id_2f476e4b_fk_django_co; Type: FK CONSTRAINT; Schema: public; Owner: educonnect_user
--

ALTER TABLE ONLY public.auth_permission
    ADD CONSTRAINT auth_permission_content_type_id_2f476e4b_fk_django_co FOREIGN KEY (content_type_id) REFERENCES public.django_content_type(id) DEFERRABLE INITIALLY DEFERRED;


--
-- Name: django_admin_log django_admin_log_content_type_id_c4bce8eb_fk_django_co; Type: FK CONSTRAINT; Schema: public; Owner: educonnect_user
--

ALTER TABLE ONLY public.django_admin_log
    ADD CONSTRAINT django_admin_log_content_type_id_c4bce8eb_fk_django_co FOREIGN KEY (content_type_id) REFERENCES public.django_content_type(id) DEFERRABLE INITIALLY DEFERRED;


--
-- Name: django_admin_log django_admin_log_user_id_c564eba6_fk_accounts_user_id; Type: FK CONSTRAINT; Schema: public; Owner: educonnect_user
--

ALTER TABLE ONLY public.django_admin_log
    ADD CONSTRAINT django_admin_log_user_id_c564eba6_fk_accounts_user_id FOREIGN KEY (user_id) REFERENCES public.accounts_user(id) DEFERRABLE INITIALLY DEFERRED;


--
-- PostgreSQL database dump complete
--

